timestamp,request_id,probability,is_fraud,latency_ms,model_version
2026-10-08T01:10:47.765501+00:00,51814a1f-4185-49cb-86dd-a271d2d8bd6d,1.0,1,42.302,1
2026-10-08T01:10:47.771235+00:00,84d86eb3-f540-4853-acfd-755e3984368d,0.027732,0,2.469,1
2026-10-08T01:10:47.797926+00:00,efb9e259-0170-4ae1-886b-c11db075d609,0.027732,0,2.598,1
2026-10-08T01:10:47.802875+00:00,d221f121-9b8f-4662-a440-f01138e4443d,0.027732,0,2.292,1
2026-10-08T01:10:47.809373+00:00,05fcd2bc-e360-492f-9e57-d900c120eada,0.027732,0,2.49,1
2026-10-08T01:10:47.814329+00:00,e03c07b2-a821-4a59-a65e-04becae69bd9,0.027732,0,2.48,1
2026-10-08T01:10:47.819414+00:00,c35ae58c-909d-4bb4-8326-188eb9317686,0.027732,0,2.268,1
2026-10-08T01:10:47.824837+00:00,6fd0b96b-8a50-4dce-8b25-41b0b90afaa6,0.027732,0,2.495,1
2026-10-08T01:10:47.829601+00:00,8b35f7ad-5ed7-4c96-b6f6-d27d964c5ff0,0.027732,0,2.253,1
2026-10-08T01:10:47.834120+00:00,ee6e7770-b6af-4d4c-9280-8dad385d5656,0.027732,0,2.078,1
2026-10-08T01:10:47.838128+00:00,e53c187d-03a8-4643-b0da-c42a98996a6f,0.027732,0,1.939,1
2026-10-08T01:10:47.842333+00:00,88ff9c4e-b8b3-4abb-a08f-252213763b77,0.027732,0,1.858,1
2026-10-08T01:10:47.846733+00:00,96162f35-f237-47f6-8f53-3641aa2a3e63,0.027732,0,2.343,1
2026-10-08T01:10:47.851643+00:00,f6a4d6ba-824f-4a74-82d0-cc3449e0c92d,0.027732,0,2.132,1
2026-10-08T01:10:47.856092+00:00,b25c3085-057e-4c47-ae1a-adc9c883ea68,0.027732,0,2.363,1
2026-10-08T01:10:47.859949+00:00,3a37ce4e-c2bf-410f-bd69-d25452c93e26,0.027732,0,1.74,1
2026-10-08T01:10:47.863690+00:00,e6775589-4055-4b1e-91ee-d5b56d81b30e,0.027732,0,2.001,1
2026-10-08T01:10:47.868430+00:00,cb554769-1f74-4519-b0b2-aa5f32a86853,0.027732,0,2.025,1
2026-10-08T01:10:47.872844+00:00,5ce288dc-e27c-4c9c-bf71-70783a203c5b,0.027732,0,2.294,1
2026-10-08T01:10:47.876938+00:00,08eef46b-8a90-4482-b7a2-c8f927b904c3,0.027732,0,1.723,1
2026-10-08T01:10:47.880823+00:00,1f8e0b1c-93bc-4ea4-b494-4a2c4fc3c601,0.027732,0,1.999,1
2026-10-08T01:10:47.885106+00:00,6ed34298-5719-4c8c-889e-369af7962bc8,0.027732,0,1.986,1
2026-10-08T01:10:47.890136+00:00,ede01654-810f-4c8d-b4e8-9aed6debaef1,0.027732,0,2.819,1
2026-10-08T01:10:47.894260+00:00,0d5b20b8-e9a2-4da4-b166-bc30d6579c6a,0.027732,0,1.871,1
2026-10-08T01:10:47.898366+00:00,6c68aceb-27ee-439a-a55b-bf5314d02f0b,0.027732,0,2.189,1
2026-10-08T01:10:47.902498+00:00,4e24ae25-a324-4ec9-8d62-740b73ff5b76,0.027732,0,1.903,1
2026-10-08T01:10:47.907610+00:00,17eef3e8-c552-4d04-8135-7d79d13ad605,0.027732,0,2.804,1
2026-10-08T01:10:47.911996+00:00,404b0a94-3de7-4dda-a9aa-74216557a47c,0.027732,0,2.064,1
2026-10-08T01:10:47.916763+00:00,b770bee2-8dff-418b-a96d-560a871d3a57,0.027732,0,2.345,1
2026-10-08T01:10:47.920894+00:00,0d3b0dbe-c5e0-406e-8821-1d9dff2fa5e0,0.027732,0,2.008,1
2026-10-08T01:10:47.925854+00:00,eaf36a56-4c88-4be6-a68b-16dced27ce42,0.027732,0,2.002,1
2026-10-08T01:10:47.930301+00:00,3229d247-c7e6-44a0-8a57-cf5e110f7b54,0.027732,0,2.28,1
2026-10-08T01:10:47.934986+00:00,a4903391-60c3-43f9-8f30-dff837c716f9,0.027732,0,2.171,1
2026-10-08T01:10:47.939027+00:00,eb4ce802-c185-4cb3-b5bb-dbeea7d8099f,0.027732,0,2.138,1
2026-10-08T01:10:47.943271+00:00,f8734e1f-655a-4128-ab2e-e4927a7dfcd3,0.027732,0,2.002,1
2026-10-08T01:10:47.947823+00:00,aff0e092-2691-4a77-8ff2-e1ccef575b0d,0.027732,0,2.391,1
2026-10-08T01:10:47.953912+00:00,f30e5576-d735-4a19-b9ed-21e8f43ff9c1,0.027732,0,2.525,1
2026-10-08T01:10:47.958664+00:00,6a7811b3-4227-4ff9-9d4f-50c4b96af576,0.027732,0,2.147,1
2026-10-08T01:10:47.962706+00:00,a2ea3826-702f-46a9-88ce-078d7d48c11c,0.027732,0,1.952,1
2026-10-08T01:10:47.967499+00:00,aa5c0834-a96e-4225-aa1c-affccf41dd07,0.027732,0,2.171,1
2026-10-08T01:10:47.971757+00:00,a1c454b5-f8a8-4531-85b1-73857f433403,0.027732,0,2.136,1
2026-10-08T01:10:47.976321+00:00,92cdf1dc-dba5-428a-8c56-38a05a15952d,0.027732,0,1.923,1
2026-10-08T01:10:47.980827+00:00,50cb9292-6cfb-4dce-9b51-b60f668b5f02,0.027732,0,2.401,1
2026-10-08T01:10:47.985376+00:00,bd9456cd-ef89-4c6f-80fc-eb2efa76ff33,0.027732,0,2.028,1
2026-10-08T01:10:47.989353+00:00,2aff96e8-5171-4c88-88f1-10dfb0c799ab,0.027732,0,2.005,1
2026-10-08T01:10:47.993256+00:00,0ed6affc-e35e-4d05-bc74-d5a5075c8916,0.027732,0,1.798,1
2026-10-08T01:10:47.997650+00:00,acb3de19-a43b-43e4-8dae-c4f293eeabe9,0.027732,0,2.281,1
2026-10-08T01:10:48.002151+00:00,e5bc9b26-1902-4981-a9f8-95f6c97e439f,0.027732,0,1.944,1
2026-10-08T01:10:48.006917+00:00,28b308f1-9980-4c0e-8f5d-58e357e36d5d,0.027732,0,2.427,1
2026-10-08T01:10:48.010913+00:00,7602e4a6-6c52-4d4c-8f39-7770c07b67a1,0.027732,0,1.815,1
2026-10-08T01:10:48.015229+00:00,23ed60d8-9edf-4806-9cdd-7abb73224e67,0.027732,0,2.229,1
2026-10-08T01:10:48.019464+00:00,806a2ab9-92a9-4a30-9f2d-96d84bd2c51e,0.027732,0,1.877,1
2026-10-08T01:10:48.023977+00:00,3a006a72-f35c-4945-8f36-e8e2394ec312,0.027732,0,1.997,1
2026-10-08T01:10:48.027493+00:00,f4f8f007-32ac-468f-80ed-6169e76a8ed6,0.027732,0,1.731,1
2026-10-08T01:10:48.032036+00:00,4cc3a7d2-09d2-4c96-80e2-8c2414a6bd58,0.027732,0,2.545,1
2026-10-08T01:10:48.041129+00:00,b617f47d-bd73-4983-9ec7-b39a7f87ad52,0.027732,0,2.086,1
2026-10-08T01:10:48.048393+00:00,27f72220-bc51-4db2-9c96-c49d64609f53,0.027732,0,2.308,1
2026-10-08T01:10:48.052814+00:00,578bb5e5-5c54-4591-899e-5bed98096c4f,0.027732,0,2.002,1
2026-10-08T01:10:48.057018+00:00,016722c7-fd5c-41f9-b9c6-b1d8185f5eb9,0.027732,0,2.252,1
2026-10-08T01:10:48.060927+00:00,08d7fd75-1a05-419f-bb59-ca382e2477a2,0.027732,0,1.809,1
2026-10-08T01:10:48.065007+00:00,53827957-aaa2-4447-8870-6870dd25dac6,0.027732,0,2.108,1
2026-10-08T01:10:48.069305+00:00,25abdf92-134c-4beb-ab2b-aa89278124b0,0.027732,0,1.83,1
2026-10-08T01:10:48.073666+00:00,8ad58320-e343-478b-aa67-e66fdfa2b367,0.027732,0,2.122,1
2026-10-08T01:10:48.077556+00:00,564854f8-9f6a-4b31-a222-bf34ad7182e2,0.027732,0,1.695,1
2026-10-08T01:10:48.081740+00:00,1ec749dc-653a-4db0-990f-c5d702f4f593,0.027732,0,2.133,1
2026-10-08T01:10:48.086008+00:00,b8c6cfb3-bce5-488b-bdcf-501df76f460e,0.027732,0,1.816,1
2026-10-08T01:10:48.090528+00:00,32910a1a-4875-443d-a2b6-54a9c6a9c26c,0.027732,0,2.077,1
2026-10-08T01:10:48.094280+00:00,04005f45-1689-4cbe-a14f-27220478da2b,0.027732,0,1.656,1
2026-10-08T01:10:48.099125+00:00,39556f0e-3546-4cbd-bf0d-af2047a56b95,0.027732,0,2.799,1
2026-10-08T01:10:48.103552+00:00,6abf08de-0c4b-44fc-ba5c-809bf7d9df14,0.027732,0,1.872,1
2026-10-08T01:10:48.109064+00:00,4a69d11f-416d-4c70-98c0-bae4f066b8cf,0.027732,0,2.672,1
2026-10-08T01:10:48.115376+00:00,169a36f4-7097-4bee-a8df-1ab6179b4857,0.027732,0,2.232,1
2026-10-08T01:10:48.120301+00:00,7cd6241e-3139-441c-bede-d5a9c62026fd,0.027732,0,2.141,1
2026-10-08T01:10:48.126057+00:00,158e8a12-9ac1-4ac1-96a4-871ba2e8c99f,0.027732,0,2.173,1
2026-10-08T01:10:48.130683+00:00,05b4fd7d-b24d-464b-bfd6-7308e725c7aa,0.027732,0,2.365,1
2026-10-08T01:10:48.136226+00:00,c0197c20-0a9e-43cb-addb-cd7978aa9070,0.027732,0,2.479,1
2026-10-08T01:10:48.141206+00:00,2bc3c86c-88dc-47c4-8c8a-7ce3e28a6684,0.027732,0,2.031,1
2026-10-08T01:10:48.144799+00:00,78c6f794-79b4-4995-a105-6814731c908e,0.027732,0,1.708,1
2026-10-08T01:10:48.149125+00:00,49e0863e-b3da-4146-a344-42c907e5faeb,0.027732,0,2.363,1
2026-10-08T01:10:48.153072+00:00,1d7d67bc-0483-4c79-ad4b-4bb62348aa35,0.027732,0,1.748,1
2026-10-08T01:10:48.157372+00:00,922517fb-98c2-44d2-bbaa-4a92228ea27a,0.027732,0,2.155,1
2026-10-08T01:10:48.161336+00:00,0deefe24-e229-4070-825e-4675cfbbce14,0.027732,0,1.769,1
2026-10-08T01:10:48.165606+00:00,90f815ac-3dd6-466d-a362-fa59487b7af2,0.027732,0,2.267,1
2026-10-08T01:10:48.169798+00:00,668f83b7-96cd-4709-ac13-707925a5cff3,0.027732,0,1.758,1
2026-10-08T01:10:48.174732+00:00,17de908e-2093-46f0-bb73-6528b11fbf72,0.027732,0,2.511,1
2026-10-08T01:10:48.178552+00:00,a82ceeff-baad-4f93-a25a-ba6bc203633a,0.027732,0,1.796,1
2026-10-08T01:10:48.183224+00:00,bc2a00a8-f784-43f0-b69d-d60068ec08cf,0.027732,0,2.191,1
2026-10-08T01:10:48.187069+00:00,ae19e8cd-048d-424e-834d-aa1cb4dec844,0.027732,0,1.726,1
2026-10-08T01:10:48.192034+00:00,3bbd94f3-2793-4667-9267-0ba1856e396c,0.027732,0,2.258,1
2026-10-08T01:10:48.196066+00:00,813954b1-ee1a-4a8d-a5fa-3b5788b403ba,0.027732,0,1.77,1
2026-10-08T01:10:48.200816+00:00,607e4b66-1cc2-456b-a6df-c8d44ba0b470,0.027732,0,2.257,1
2026-10-08T01:10:48.204883+00:00,ec347f1b-a0a9-4c03-9aad-d050d42d5cda,0.027732,0,1.984,1
2026-10-08T01:10:48.209140+00:00,6d84bb1d-e862-4f31-9fd3-19b2daed4991,0.027732,0,1.858,1
2026-10-08T01:10:48.213198+00:00,0fd6d0da-09b8-4b98-b61c-a9461ac1d98c,0.027732,0,2.332,1
2026-10-08T01:10:48.217763+00:00,89b85476-a7a7-468b-a51b-cec064aa5b11,0.027732,0,2.17,1
2026-10-08T01:10:48.222499+00:00,b4acad24-1d64-49ba-9091-e2f22a2dd319,0.027732,0,2.619,1
2026-10-08T01:10:48.226463+00:00,bd0a5f97-17c2-46b5-ab40-5c7adc49424b,0.027732,0,1.856,1
2026-10-08T01:10:48.230152+00:00,18979acb-7d4f-45cc-a613-96ba00b12067,0.027732,0,1.863,1
2026-10-08T01:10:48.234620+00:00,c2859a49-46f5-4923-959a-2545543ba792,0.027732,0,2.043,1
2026-10-08T01:10:48.239160+00:00,d5cc127b-9644-4555-baa8-08a09e0cece3,0.027732,0,2.508,1
2026-10-08T01:10:48.243046+00:00,41e02ad6-8d42-4eb4-8291-4077a14a7f28,0.027732,0,1.764,1
2026-10-08T01:10:48.246688+00:00,60300354-a249-4794-b1a0-c29eec5f0a28,0.027732,0,1.832,1
