timestamp,request_id,probability,is_fraud,latency_ms,model_version
2026-10-08T04:44:24.771088+00:00,276eed54-b522-4b48-ba5a-96b257b2d178,0.027732,0,60.44,1
2026-10-08T04:45:14.644995+00:00,9daf529f-2ae4-49c8-a6df-5000dab2836c,1.0,1,32.719,1
2026-10-08T04:45:14.662826+00:00,de79b60c-0b2a-4faa-8b4c-2e7e1410d654,0.027732,0,3.141,1
2026-10-08T04:45:14.787019+00:00,402a276b-f393-45fb-afe0-4792df67811e,0.027732,0,3.395,1
2026-10-08T04:45:14.818828+00:00,a44b8cdc-2fd8-41c8-a43e-a50dc18a2d3b,0.027732,0,3.916,1
2026-10-08T04:45:14.847935+00:00,034f7ea1-50ad-49d8-b858-603df4d4f4d7,0.027732,0,3.106,1
2026-10-08T04:45:14.881567+00:00,735a5324-15ce-416f-a042-86dd5d6d84fc,0.027732,0,5.219,1
2026-10-08T04:45:14.912120+00:00,2e476af7-48f5-4a87-8ecd-9b7f3afec8c2,0.027732,0,4.797,1
2026-10-08T04:45:14.941610+00:00,a8a48536-8ec4-47cc-acac-8227ae3fcd4c,0.027732,0,3.415,1
2026-10-08T04:45:14.972838+00:00,276e9a79-567f-4593-b048-8686e3011519,0.027732,0,3.892,1
2026-10-08T04:45:14.979674+00:00,86e373ae-9689-4f6d-a658-2ccdcaeb3032,0.027732,0,2.892,1
2026-10-08T04:45:15.002736+00:00,43453f1a-b90c-4c8d-a026-23b5a880ffa7,0.027732,0,3.203,1
2026-10-08T04:45:15.034013+00:00,ab334ee2-c471-4b72-b75a-a584b3b8a292,0.027732,0,3.157,1
2026-10-08T04:45:15.064534+00:00,4473d975-78e5-448e-abcf-c524d78a48a1,0.027732,0,3.283,1
2026-10-08T04:45:15.071023+00:00,5eb4ea1a-5ca3-4cdd-b3e8-1a0acfe4eff5,0.027732,0,3.512,1
2026-10-08T04:45:15.095395+00:00,d7000085-f622-46a5-b9cb-17ae33b559bc,0.027732,0,3.492,1
2026-10-08T04:45:15.101282+00:00,b22319fc-288b-42ab-93d3-39cf60a70338,0.027732,0,2.691,1
2026-10-08T04:45:15.126841+00:00,3f3c0490-5e78-4805-9e78-dbe6c2664553,0.027732,0,3.922,1
2026-10-08T04:45:15.156550+00:00,2c556ad2-3f86-478e-8189-0d4fd61dfd27,0.027732,0,3.054,1
2026-10-08T04:45:15.163314+00:00,70d23ada-e43a-46f5-83de-fd69165176e4,0.027732,0,3.31,1
2026-10-08T04:45:15.189474+00:00,a7f95a9f-20c4-4255-9cf6-885993b45538,0.027732,0,5.007,1
2026-10-08T04:45:15.219023+00:00,b3b818cf-99f4-4030-a739-7e3d4b66bf52,0.027732,0,3.163,1
2026-10-08T04:45:15.226058+00:00,50d9c76c-bbce-4da8-a86f-f2641ed823d9,0.027732,0,3.34,1
2026-10-08T04:45:15.249779+00:00,8488092d-3b29-440e-8983-cf95546dbbbc,0.027732,0,2.967,1
2026-10-08T04:45:15.265633+00:00,3a50f832-4e43-4a31-8441-8b7df3cc192e,0.027732,0,3.045,1
2026-10-08T04:45:15.271162+00:00,a827aa69-cc21-4746-8164-a17e1097eb0f,0.027732,0,2.598,1
2026-10-08T04:45:15.297946+00:00,8cc9d06a-18e2-41bb-8ff5-0669747ff1bd,0.027732,0,3.203,1
2026-10-08T04:45:15.303789+00:00,08ec23e2-ffe8-49e5-bb41-82e673d68b1a,0.027732,0,2.652,1
2026-10-08T04:45:15.328902+00:00,b6951f3d-ac15-4f23-87ac-12e1ad9aece4,0.027732,0,2.802,1
2026-10-08T04:45:15.344582+00:00,93510e81-cc21-41e0-9f28-bce7e640ef24,0.027732,0,3.205,1
2026-10-08T04:45:15.350132+00:00,dfb60ff4-0ef3-44b3-86d6-be406fd69dde,0.027732,0,2.347,1
2026-10-08T04:45:15.375369+00:00,f1ecf719-e4ef-451d-8bac-351e2b69f507,0.027732,0,3.546,1
2026-10-08T04:45:15.382187+00:00,77cabd98-eeba-4de9-b3cb-aee172b7ab09,0.027732,0,3.495,1
2026-10-08T04:45:15.389155+00:00,4739cff7-8ca0-49b0-9db5-50e894aa4999,0.027732,0,3.4,1
2026-10-08T04:45:15.405946+00:00,3350d21b-fa81-4769-87be-bce90078905d,0.027732,0,3.455,1
2026-10-08T04:45:15.413511+00:00,e7612d60-6153-442f-9810-1153f6d7cefe,0.027732,0,4.062,1
2026-10-08T04:45:15.435964+00:00,8c30ade1-9b6c-4b96-bb24-036d80624ca2,0.027732,0,2.889,1
2026-10-08T04:45:15.468271+00:00,86a1fb1e-7330-4fc3-8f81-f1f3592aad2c,0.027732,0,3.764,1
2026-10-08T04:45:15.498004+00:00,9425f848-e336-48b8-b54a-494510049af9,0.027732,0,3.209,1
2026-10-08T04:45:15.514076+00:00,6d9ea85a-060c-42c6-97d8-b9f9b1f94b85,0.027732,0,3.152,1
2026-10-08T04:45:15.520165+00:00,fc508c82-931b-4cf1-9b97-50066ea1a5ed,0.027732,0,2.961,1
2026-10-08T04:45:15.544757+00:00,c649fef3-5495-43ad-a526-7874fc55b989,0.027732,0,2.742,1
2026-10-08T04:45:15.550147+00:00,a87588b8-587c-4477-afa2-b9125521e28b,0.027732,0,2.464,1
2026-10-08T04:45:15.575556+00:00,fde0b406-afcc-4420-a936-2082cadee712,0.027732,0,3.467,1
2026-10-08T04:45:15.605674+00:00,226511d3-6c57-4904-aedc-062a4f88c7cc,0.027732,0,3.943,1
2026-10-08T04:45:15.636719+00:00,d889b6e4-4e33-4b60-a6ba-e9310b77ae69,0.027732,0,3.961,1
2026-10-08T04:45:15.643029+00:00,41b3c57a-b5e0-4a81-9b6c-6b31345755db,0.027732,0,3.197,1
2026-10-08T04:45:15.649066+00:00,6f85b305-1fd3-4db8-9bf9-55a920acb98e,0.027732,0,3.125,1
2026-10-08T04:45:15.665736+00:00,1238c422-401d-491a-b206-30b38d4f874b,0.027732,0,2.862,1
2026-10-08T04:45:15.681572+00:00,dd4c2584-3d71-4c90-b6fa-bb685ba4fad8,0.027732,0,2.725,1
2026-10-08T04:45:15.697915+00:00,36f9b7ae-1d62-4986-842e-c6111b83f8c5,0.027732,0,3.024,1
2026-10-08T04:45:15.728976+00:00,f82a78a4-c6e5-42b4-a915-aa26e2ba4a57,0.027732,0,3.03,1
2026-10-08T04:45:15.762357+00:00,30205f0c-feaa-46bb-bd54-c466d5e27603,0.027732,0,5.485,1
2026-10-08T04:45:15.792278+00:00,1b9daef2-a665-4516-9cbb-5bcb151ac2dc,0.027732,0,4.324,1
2026-10-08T04:45:15.822048+00:00,5700653b-d9b0-4e15-98c2-21e2ff138679,0.027732,0,3.156,1
2026-10-08T04:45:15.838087+00:00,6a871c13-96f4-42ba-a8be-c9188041164f,0.027732,0,3.277,1
2026-10-08T04:45:15.869421+00:00,dab9c81b-2fbc-4090-8d8a-1577c828bff3,0.027732,0,3.577,1
2026-10-08T04:45:15.900807+00:00,dfae16ff-aaca-4993-8a5c-d33474e4b45e,0.027732,0,4.039,1
2026-10-08T04:45:15.910896+00:00,1c4db8be-994c-48ab-bf28-63a894b174f3,0.027732,0,6.144,1
2026-10-08T04:45:15.931549+00:00,5a0aa0ac-d3ea-476e-b67b-84b723083268,0.027732,0,3.562,1
2026-10-08T04:45:15.964664+00:00,73da8abd-65c6-49d6-abe3-9030cac32b0a,0.027732,0,5.289,1
2026-10-08T04:45:15.995541+00:00,e38b5494-eb97-4ffa-8d35-44f4ee1f395e,0.027732,0,4.732,1
2026-10-08T04:45:16.024481+00:00,e5c1eed9-2783-41ee-8049-5783a32f016a,0.027732,0,3.335,1
2026-10-08T04:45:16.031058+00:00,c19d22be-376c-4cab-a992-c136b930805a,0.027732,0,2.754,1
2026-10-08T04:45:16.056504+00:00,89ea79af-82fc-41b9-bc82-8a716c3beaf9,0.027732,0,4.232,1
2026-10-08T04:45:16.086690+00:00,e4f58140-9cc5-4819-b3bd-b9bbe21e5f25,0.027732,0,3.623,1
2026-10-08T04:45:16.120142+00:00,8865992d-f428-48a3-ad45-a300090a1fae,0.027732,0,5.822,1
2026-10-08T04:45:16.148455+00:00,a371468b-cec0-441b-ba6f-5107569d7119,0.027732,0,2.938,1
2026-10-08T04:45:16.179852+00:00,7f7b8ac8-39e4-40f4-b2ec-4ea972962328,0.027732,0,2.82,1
2026-10-08T04:45:16.186034+00:00,9af8cf62-0b86-440d-acdc-62336fb2d4f9,0.027732,0,3.152,1
2026-10-08T04:45:16.214859+00:00,575afa19-373a-4511-8b57-9b6b1ba69a06,0.027732,0,6.63,1
2026-10-08T04:45:16.222612+00:00,1675f3c9-df9a-40d7-8fd0-be9fc044381c,0.027732,0,3.969,1
2026-10-08T04:45:16.245089+00:00,90184272-fcda-4d28-a724-afd3558cc041,0.027732,0,4.286,1
2026-10-08T04:45:16.275800+00:00,cca4cb6b-0347-4f47-b5e7-9bd48115e804,0.027732,0,3.27,1
2026-10-08T04:45:16.291490+00:00,9f2a40f2-f296-4dcf-88f3-1bf4e8d2b9db,0.027732,0,3.14,1
2026-10-08T04:45:16.307818+00:00,ecf06aa2-70eb-4370-a0b2-6e02fa625931,0.027732,0,3.333,1
2026-10-08T04:45:16.339366+00:00,cf1a0377-2cc6-4c61-a67a-106e9e885d73,0.027732,0,3.291,1
2026-10-08T04:45:16.372097+00:00,39c1471a-32c9-4f87-8dc5-6349249dcf47,0.027732,0,4.088,1
2026-10-08T04:45:16.403513+00:00,627b8515-d16a-4965-91d6-3ed034a4c1ee,0.027732,0,3.424,1
2026-10-08T04:45:16.435810+00:00,7485c3bd-c27b-4c53-9269-0497acd92dcb,0.027732,0,4.193,1
2026-10-08T04:45:16.445101+00:00,9ba48957-2af8-4a6a-9b18-c043aea8cce7,0.027732,0,4.912,1
2026-10-08T04:45:16.467484+00:00,b809beef-7602-4de9-be39-d6042574470d,0.027732,0,3.84,1
2026-10-08T04:45:16.498426+00:00,0193507e-8f1d-4a28-a938-92280bf1dbf9,0.027732,0,3.335,1
2026-10-08T04:45:16.531529+00:00,0550fd88-8557-480b-a144-01857e2ffa72,0.027732,0,5.199,1
2026-10-08T04:45:16.562104+00:00,cb74e122-777a-4fa1-b936-7d6eac009802,0.027732,0,5.064,1
2026-10-08T04:45:16.577033+00:00,e45f416b-ffc8-4568-ad94-511954bf7731,0.027732,0,10.402,1
2026-10-08T04:45:16.608499+00:00,e816495b-7b1b-4392-8861-3f7475ee4848,0.027732,0,5.898,1
2026-10-08T04:45:16.618451+00:00,33091b39-5b6c-4162-9b7a-27ec4fb621d6,0.027732,0,5.306,1
2026-10-08T04:45:16.630057+00:00,f28b6bf1-906e-4d2a-b3f2-792dea99cb51,0.027732,0,5.892,1
2026-10-08T04:45:16.643565+00:00,23247f61-9c69-4982-9bbc-0b813bb3c6d4,0.027732,0,6.279,1
2026-10-08T04:45:16.659934+00:00,d69b39b8-60cd-4e05-84f6-dc9259ac697f,0.027732,0,8.883,1
2026-10-08T04:45:16.682697+00:00,23fbe297-2190-4b3d-bf4e-9d86889ca41c,0.027732,0,3.648,1
2026-10-08T04:45:16.715137+00:00,dfa3aa85-bdca-4c0d-8c44-bcde330d063d,0.027732,0,5.087,1
2026-10-08T04:45:16.747342+00:00,94997922-cb88-45ac-8208-2c50c62e8199,0.027732,0,5.371,1
2026-10-08T04:45:16.775874+00:00,96a7bceb-4f42-4be2-a5b2-0e7ef877bac1,0.027732,0,3.456,1
2026-10-08T04:45:16.808465+00:00,d0e87959-4a88-4cb4-97d8-ecef25324df0,0.027732,0,4.662,1
2026-10-08T04:45:16.818669+00:00,1fddb6fc-a803-44b0-a7d8-0e6648a9bc58,0.027732,0,5.622,1
2026-10-08T04:45:16.842514+00:00,8276d038-d191-40ba-91f4-c86a0bc9ae16,0.027732,0,7.056,1
2026-10-08T04:45:16.870975+00:00,744e074b-624d-4629-9d59-5c61b5688468,0.027732,0,4.974,1
2026-10-08T04:45:16.881140+00:00,1b5f48b8-6734-49f2-abc3-a21a53f20ece,0.027732,0,5.596,1
2026-10-08T04:45:16.891453+00:00,7ca39473-9298-4acd-ac0f-074c631d4865,0.027732,0,5.182,1
2026-10-08T04:45:16.915741+00:00,1210797c-3285-40ac-ae95-f2f6ec5fda8e,0.027732,0,4.103,1
2026-10-08T04:45:16.949069+00:00,91e03138-7750-4f8a-a57e-1bc07fa064bc,0.027732,0,5.989,1
